-- MySQL dump 10.13  Distrib 8.0.43, for Win64 (x86_64)
--
-- Host: localhost    Database: platinum_hunt
-- ------------------------------------------------------
-- Server version	8.0.43

/*!40101 SET @OLD_CHARACTER_SET_CLIENT=@@CHARACTER_SET_CLIENT */;
/*!40101 SET @OLD_CHARACTER_SET_RESULTS=@@CHARACTER_SET_RESULTS */;
/*!40101 SET @OLD_COLLATION_CONNECTION=@@COLLATION_CONNECTION */;
/*!50503 SET NAMES utf8mb4 */;
/*!40103 SET @OLD_TIME_ZONE=@@TIME_ZONE */;
/*!40103 SET TIME_ZONE='+00:00' */;
/*!40014 SET @OLD_UNIQUE_CHECKS=@@UNIQUE_CHECKS, UNIQUE_CHECKS=0 */;
/*!40014 SET @OLD_FOREIGN_KEY_CHECKS=@@FOREIGN_KEY_CHECKS, FOREIGN_KEY_CHECKS=0 */;
/*!40101 SET @OLD_SQL_MODE=@@SQL_MODE, SQL_MODE='NO_AUTO_VALUE_ON_ZERO' */;
/*!40111 SET @OLD_SQL_NOTES=@@SQL_NOTES, SQL_NOTES=0 */;

--
-- Table structure for table `games`
--

DROP TABLE IF EXISTS `games`;
/*!40101 SET @saved_cs_client     = @@character_set_client */;
/*!50503 SET character_set_client = utf8mb4 */;
CREATE TABLE `games` (
  `difficulty` int NOT NULL,
  `hours` int NOT NULL,
  `id` int NOT NULL AUTO_INCREMENT,
  `playthrough` int NOT NULL,
  `name` varchar(100) NOT NULL,
  `img` varchar(1000) DEFAULT NULL,
  PRIMARY KEY (`id`),
  CONSTRAINT `games_chk_1` CHECK (((`difficulty` <= 10) and (`difficulty` >= 1))),
  CONSTRAINT `games_chk_2` CHECK ((`hours` >= 1)),
  CONSTRAINT `games_chk_3` CHECK ((`playthrough` >= 1))
) ENGINE=InnoDB AUTO_INCREMENT=31 DEFAULT CHARSET=utf8mb4 COLLATE=utf8mb4_0900_ai_ci;
/*!40101 SET character_set_client = @saved_cs_client */;

--
-- Dumping data for table `games`
--

LOCK TABLES `games` WRITE;
/*!40000 ALTER TABLE `games` DISABLE KEYS */;
INSERT INTO `games` VALUES (8,50,1,2,'Hollow Knight','https://images-wixmp-ed30a86b8c4ca887773594c2.wixmp.com/f/cbb10ce3-6329-4e23-a896-e6f38a75023f/d8a1cln-7568b1d1-5392-4d18-afc6-98f4db69bd29.png/v1/fit/w_700,h_599,q_70,strp/hollow_knight_promo_image__3_by_teamcherry_d8a1cln-375w-2x.jpg?token=eyJ0eXAiOiJKV1QiLCJhbGciOiJIUzI1NiJ9.eyJzdWIiOiJ1cm46YXBwOjdlMGQxODg5ODIyNjQzNzNhNWYwZDQxNWVhMGQyNmUwIiwiaXNzIjoidXJuOmFwcDo3ZTBkMTg4OTgyMjY0MzczYTVmMGQ0MTVlYTBkMjZlMCIsIm9iaiI6W1t7ImhlaWdodCI6Ijw9NTk5IiwicGF0aCI6Ii9mL2NiYjEwY2UzLTYzMjktNGUyMy1hODk2LWU2ZjM4YTc1MDIzZi9kOGExY2xuLTc1NjhiMWQxLTUzOTItNGQxOC1hZmM2LTk4ZjRkYjY5YmQyOS5wbmciLCJ3aWR0aCI6Ijw9NzAwIn1dXSwiYXVkIjpbInVybjpzZXJ2aWNlOmltYWdlLm9wZXJhdGlvbnMiXX0.p_0YUJeb0KKMRIUjFCyIKxLh_OnkxwZmyD_gMdgyUPQ'),(4,20,2,1,'Sly Racoon','https://www.slycoopernet.com/uploads/7/6/6/2/7662758/3874245_orig.jpg'),(6,15,3,1,'Balatro','https://cdn.mobygames.com/covers/18260692-balatro-xbox-one-front-cover.jpg'),(3,10,4,1,'The Stanley Parable','https://static0.gamerantimages.com/wordpress/wp-content/uploads/2024/12/mixcollage-12-dec-2024-11-39-pm-3446.jpg'),(7,25,5,1,'Celeste','https://upload.wikimedia.org/wikipedia/commons/6/68/Celeste_box_art_cropped.png'),(7,18,6,1,'Castlevania Requiem','https://static.wikia.nocookie.net/castlevania/images/d/d5/Castlevania_Requiem_-_Symphony_of_the_Night_%26_Rondo_of_Blood_-_01.png'),(9,120,7,2,'Elden Ring','https://preview.redd.it/ojv9a7z1zzy71.png?auto=webp&s=4e4ca7b911bb316c0c3a53db31c0c45855cced96'),(5,12,8,1,'Grim Fandango','https://m.media-amazon.com/images/M/MV5BZGYwMGZhYTgtMGQyYi00MWRiLWIxOTQtZDIzYTQzZmEzNGZmXkEyXkFqcGc@._V1_.jpg'),(8,20,9,1,'Cuphead','https://i.pinimg.com/736x/78/d1/23/78d123c1f460aed72d87d86445a390fc.jpg'),(10,60,10,2,'Sekiro','https://www.codiciprodotto.it/wp-content/uploads/2021/01/Sekiro-Shadows-Die-Twice-Cover.jpg'),(9,45,11,3,'Bloodborne','https://upload.wikimedia.org/wikipedia/en/thumb/6/68/Bloodborne_Cover_Wallpaper.jpg/250px-Bloodborne_Cover_Wallpaper.jpg'),(8,50,12,1,'Dark Souls 2','https://e.snmc.io/lk/g/x/b2254e7a363865f1ea67903608e988db/13033104'),(1,55,19,5,'prova1','');
/*!40000 ALTER TABLE `games` ENABLE KEYS */;
UNLOCK TABLES;

--
-- Table structure for table `role_user`
--

DROP TABLE IF EXISTS `role_user`;
/*!40101 SET @saved_cs_client     = @@character_set_client */;
/*!50503 SET character_set_client = utf8mb4 */;
CREATE TABLE `role_user` (
  `user_id` int NOT NULL,
  `role_id` int NOT NULL,
  PRIMARY KEY (`user_id`,`role_id`),
  KEY `FK7tjfd3wunlpu0di6qpu5asgen` (`role_id`),
  CONSTRAINT `FK7tjfd3wunlpu0di6qpu5asgen` FOREIGN KEY (`role_id`) REFERENCES `roles` (`id`),
  CONSTRAINT `FKhvai2k29vlwpt9wod4sw4ghmn` FOREIGN KEY (`user_id`) REFERENCES `users` (`id`)
) ENGINE=InnoDB DEFAULT CHARSET=utf8mb4 COLLATE=utf8mb4_0900_ai_ci;
/*!40101 SET character_set_client = @saved_cs_client */;

--
-- Dumping data for table `role_user`
--

LOCK TABLES `role_user` WRITE;
/*!40000 ALTER TABLE `role_user` DISABLE KEYS */;
INSERT INTO `role_user` VALUES (1,1);
/*!40000 ALTER TABLE `role_user` ENABLE KEYS */;
UNLOCK TABLES;

--
-- Table structure for table `roles`
--

DROP TABLE IF EXISTS `roles`;
/*!40101 SET @saved_cs_client     = @@character_set_client */;
/*!50503 SET character_set_client = utf8mb4 */;
CREATE TABLE `roles` (
  `id` int NOT NULL AUTO_INCREMENT,
  `name` varchar(255) NOT NULL,
  PRIMARY KEY (`id`)
) ENGINE=InnoDB AUTO_INCREMENT=2 DEFAULT CHARSET=utf8mb4 COLLATE=utf8mb4_0900_ai_ci;
/*!40101 SET character_set_client = @saved_cs_client */;

--
-- Dumping data for table `roles`
--

LOCK TABLES `roles` WRITE;
/*!40000 ALTER TABLE `roles` DISABLE KEYS */;
INSERT INTO `roles` VALUES (1,'ADMIN');
/*!40000 ALTER TABLE `roles` ENABLE KEYS */;
UNLOCK TABLES;

--
-- Table structure for table `trophies`
--

DROP TABLE IF EXISTS `trophies`;
/*!40101 SET @saved_cs_client     = @@character_set_client */;
/*!50503 SET character_set_client = utf8mb4 */;
CREATE TABLE `trophies` (
  `game_id` int NOT NULL,
  `id` int NOT NULL AUTO_INCREMENT,
  `percentage` double NOT NULL,
  `trophy_grade_id` int NOT NULL,
  `name` varchar(100) NOT NULL,
  `description` varchar(300) NOT NULL,
  PRIMARY KEY (`id`),
  KEY `FKb8s9xtggnejph3ebidv39m2xm` (`game_id`),
  KEY `FKpgyfuyk9i4h1g0jyqrcpa9otb` (`trophy_grade_id`),
  CONSTRAINT `FKb8s9xtggnejph3ebidv39m2xm` FOREIGN KEY (`game_id`) REFERENCES `games` (`id`),
  CONSTRAINT `FKpgyfuyk9i4h1g0jyqrcpa9otb` FOREIGN KEY (`trophy_grade_id`) REFERENCES `trophy_grades` (`id`)
) ENGINE=InnoDB AUTO_INCREMENT=535 DEFAULT CHARSET=utf8mb4 COLLATE=utf8mb4_0900_ai_ci;
/*!40101 SET character_set_client = @saved_cs_client */;

--
-- Dumping data for table `trophies`
--

LOCK TABLES `trophies` WRITE;
/*!40000 ALTER TABLE `trophies` DISABLE KEYS */;
INSERT INTO `trophies` VALUES (1,106,15,4,'Heart of Hallownest','Acquire all other trophies'),(1,107,92.8,1,'Falsehood','Defeat the False Knight'),(1,108,75.5,1,'Test of Resolve','Defeat Hornet in Greenpath'),(1,109,44.2,2,'Proof of Resolve','Defeat Hornet in Kingdom\'s Edge'),(1,110,43,2,'Watcher','Destroy Lurien the Watcher'),(1,111,44.8,2,'Beast','Destroy Herrah the Beast'),(1,112,43.6,2,'Teacher','Destroy Monomon the Teacher'),(1,113,38.2,2,'The Hollow Knight','Defeat the Hollow Knight and complete the game'),(1,114,99.4,1,'Charmed','Acquire your first Charm'),(1,115,45.4,2,'Enchanted','Acquire half of Hallownest\'s Charms'),(1,116,28.2,2,'Blessed','Acquire all Charms and receive Salubra\'s blessing'),(1,117,54.8,1,'Protected','Acquire 4 Mask Shards'),(1,118,28,2,'Masked','Acquire all Mask Shards'),(1,119,49.5,2,'Soulful','Acquire 3 Vessel Fragments'),(1,120,31.7,2,'Worldsoul','Acquire all Vessel Fragments'),(1,121,55.4,1,'Connection','Open half of Hallownest\'s Stag Stations'),(1,122,14.4,3,'Hope','Open all Stag Stations and discover Stag Nest'),(1,123,17,3,'Grubfriend','Rescue half of the imprisoned grubs'),(1,124,31.8,2,'Metamorphosis','Rescue all of the imprisoned grubs'),(1,125,41.2,2,'Cartographer','Acquire a map for each area'),(1,126,41.8,2,'Attunement','Collect 600 Essence'),(1,127,33.8,2,'Awakening','Collect 1800 Essence and awaken Dream Nail'),(1,128,27.6,2,'Ascension','Collect 2400 Essence and hear the Seer\'s last words'),(1,129,20,2,'Keen Hunter','Record all creatures in Hallownest\'s Journal'),(1,130,19.7,2,'True Hunter','Receive the Hunter\'s Mark'),(1,131,29.3,2,'Solace','Bring peace to the Grey Mourner'),(1,132,43,2,'Warrior','Complete the Trial of the Warrior'),(1,133,39.1,2,'Conqueror','Complete the Trial of the Conqueror'),(1,134,25.7,2,'Fool','Complete the Trial of the Fool'),(1,135,32.8,2,'Grand Performance','Defeat Troupe Leader Grimm'),(1,136,26.1,2,'Nightmare\'s End','Complete the tale of the Grimm Troupe'),(1,137,18.4,3,'Soul & Shade','Complete the Pantheon of the Knight'),(1,138,13.9,3,'Embrace the Void','Ascend the Pantheon of Hallownest'),(1,139,15.6,3,'Pure Completion','Achieve 112% game completion'),(1,140,18.9,3,'Passing of the Age','Aid the Herald in moving on'),(2,141,7.4,4,'A Cooper\'s Pride','Unlock all trophies in Sly Cooper and the Thievius Raccoonus'),(2,142,31.5,1,'Stopping the Storm','Complete all jobs in Tide of Terror'),(2,143,24.3,2,'Plundered Treasures','Open all vaults in Tide of Terror'),(2,144,31,3,'Croaking Crook','Defeat Sir Raleigh'),(2,145,29.3,1,'Bringing Down the House','Complete all jobs in Sunset Snake Eyes'),(2,146,24.3,2,'Sly\'s Hot Streak','Open all vaults in Sunset Snake Eyes'),(2,147,31,3,'Blinding Blaster','Defeat Muggshot'),(2,148,27,1,'Cauldron Disaster','Complete all jobs in Vicious Voodoo'),(2,149,24,2,'Swampy Secrets','Open all vaults in Vicious Voodoo'),(2,150,20,3,'Bayou Boogie','Defeat Mz. Ruby'),(2,151,22,1,'Production Blocker','Complete all jobs in Fire in the Sky'),(2,152,22.5,2,'Safecracker','Open all vaults in Fire in the Sky'),(2,153,19.8,3,'Panda Pummeler','Defeat Panda King'),(2,154,18.3,3,'Death Ray Destruction','Foil Clockwerk\'s plans in The Cold Heart of Hate'),(2,155,17.5,3,'Eternal Enemy','Defeat Clockwerk'),(2,156,25.5,1,'Alert Every Flashlight Guard','Alert all flashlight guards and set off every alarm in The Unseen Foe'),(2,157,21.2,1,'This Session\'s Over','Defeat all the training Moo Goo monkeys in Flaming Temple of Flame'),(2,158,23.7,2,'Setting the Mood','Launch 2 pink fireworks in Duel by the Dragon'),(2,159,20.8,2,'Share What\'s Mine','Defeat two or more enemies with the same mine'),(2,160,19.2,2,'Knowing Is Half the Battle','Learn the names of 10 enemies'),(2,161,26,2,'No More Beaches for Sly','Discover the Water Safety technique'),(2,162,22.5,2,'Super Cooper','Discover the Briefly Defy Gravity technique'),(2,163,20.4,2,'Oh No He Didn\'t!','Steal a kiss'),(2,164,10.3,3,'Speedius Thievius','Complete 10 Master Thief Sprints'),(3,165,0.1,4,'Balatro Platinum','Obtain all other trophies'),(3,166,30,3,'High Stakes','Win a run on at least Gold Stake difficulty'),(3,167,25,3,'100,000K','Score 100,000,000 Chips in a single hand'),(3,168,22,3,'Rule Breaker','Complete every challenge run'),(3,169,18,3,'Completionist','Discover 100% of your collection'),(3,170,15,3,'Completionist+','Win with every deck on Gold Stake difficulty'),(3,171,12,3,'Completionist++','Earn a Gold Sticker on every Joker'),(3,172,35,2,'Mid Stakes','Win a run on at least Black Stake difficulty'),(3,173,28,2,'Speedrunner','Win a run in 12 or fewer rounds'),(3,174,33,2,'1,000K','Score 1,000,000 Chips in a single hand'),(3,175,27,2,'Tiny Hands','Thin your deck down to 20 or fewer cards'),(3,176,32,2,'Big Hands','Have 80 or more cards in your deck'),(3,177,26,2,'Clairvoyance','Discover every Spectral card'),(3,178,23,2,'Extreme Couponer','Discover every Voucher'),(3,179,60,1,'Ante Up!','Reach Ante 4'),(3,180,50,1,'Ante Upper!','Reach Ante 8'),(3,181,52,1,'Heads Up','Win a Run'),(3,182,40,1,'Low Stakes','Win a run on at least Red Stake difficulty'),(3,183,45,1,'Card Player','Play at least 2500 Cards'),(3,184,43,1,'Card Discarder','Discard at least 2500 Cards'),(3,185,37,1,'Nest Egg','Have $400 or more during a single run'),(3,186,34,1,'Flushed','Play a Flush with 5 Wild Cards'),(3,187,28,1,'ROI','Buy 5 Vouchers by Ante 4'),(3,188,30,1,'Shattered','Break 2 Glass Cards in a single hand'),(3,189,29,1,'Royale','Play a Royal Flush'),(3,190,31,1,'Retrograde','Get any poker hand to level 10'),(3,191,22,1,'You Get What You Get','Win a run without rerolling the shop'),(3,192,24,1,'Rule Bender','Complete any challenge run'),(3,193,20,1,'Legendary','Discover a Legendary Joker'),(3,194,19,1,'Astronomy','Discover every Planet card'),(3,195,21,1,'Cartomancy','Discover every Tarot card'),(3,196,26,1,'Clairvoyance Bronze','Discover every Spectral card (Bronze)'),(3,197,23,1,'Extreme Couponer Bronze','Discover every Voucher (Bronze)'),(8,198,37.03,4,'Number Nine Ticket','Get all other trophies in the game'),(8,199,37.38,3,'The Right Way','Play the whole game with tank controls. Tim demanded this trophy'),(8,200,92.38,1,'\"What I did back in the fat days is none of your business. You know the rules.\"','Talk to Eva about how she got stuck here'),(8,201,82,1,'\"Gets the aggressions out, doesn\'t it?\"','Use the hole punch'),(8,202,62.64,1,'\"Scaring the living is technically against the rules, but we all do it.\"','Scare the living a few times'),(8,203,60.13,1,'\"It\'s like I\'m not happy unless I\'m breathing in the thick, black, nauseating fumes...\"','Talk to Glottis about cravings'),(8,204,85.13,1,'\"Lousy bony fingers!\"','Get the balloon twister to pop a balloon'),(8,205,67.91,1,'\"I squeezed down one of these tubes, like a pixie!\"','Talk to Brennis about how he got to the machine'),(8,206,30.5,1,'\"Well, I could do something bad right now if that would help.\"','Try to dig up some dirt on Meche'),(8,207,63.6,1,'\"Precisamente, amigo.\"','Learn of a nefarious plot'),(8,208,52.12,1,'\"Join or Die! Again!\"','Receive a message from Eva'),(8,209,44,2,'\"\'ARROGANT FRAUD\' doesn\'t work\"','Try to guess Domino\'s password a few times'),(8,210,48,1,'\"Run you pigeons! It\'s Robert Frost!\"','Try to intimidate the pigeons'),(8,211,43.09,1,'\"The marrow of these trees, Manny, they suck it out, it\'s like cement!\"','Ask Glottis about the tree farm'),(8,212,45.81,1,'\"We only have one mop.\"','Check your job qualifications with Celso'),(8,213,49.81,1,'...Used to scream like a banshee when the trade winds blew...','Ask Velasco about his eye patch'),(8,214,49.81,1,'\"Plus, we look good in these clothes!\"','Talk to Glottis about leaving'),(8,215,50.06,1,'\"Well, maybe just a sip...\"','Sample the Marillo de Oro'),(8,216,51.36,1,'\"We are all citizens of the same nation, and our king rides a pale horse.\"','Try to get a passport from Chowchilla Charlie'),(8,217,52.12,1,'\"YOU\'RE NOT EVEN LISTENING TO ME!!!\"','Ask Lupe about her organizational system'),(8,218,43.09,1,'\"It shone, pale as bone...\"','Look at the moon'),(8,219,45.81,2,'\"Consider it an homage.\"','Have Olivia recite one of your poems'),(8,220,49.81,1,'\"We\'re straight stingers, you know?\"','Talk to the worker bees about playing the game'),(8,221,42.08,1,'\"Here, let me hold that metal detector for you while you cry...\"','Listen to Carla\'s whole story'),(8,222,48.58,1,'\"Manny, we\'ve given up. All of us.\"','Talk to Membrillo about why he\'s still here'),(8,223,44.95,1,'\"Come to see how the big boys play, eh Manny?\"','Visit with Maximino'),(8,224,44.95,1,'\"So, sorry, but I don\'t do... \'odd jobs.\'\"','Try to convince Verago to help you out'),(8,225,44.95,1,'\"Oh Rusty Anchor\"','Have Glottis sing you the rusty anchor song'),(8,226,44.95,1,'\"ME, ME, ME-ME-ME!\"','Chant with the bees'),(8,227,44.95,1,'\"I wasn\'t always this color!\"','Talk to Chepito about how long he\'s been down here'),(8,228,44.95,1,'sniff sniff','Make the angelitos cry'),(8,229,43.7,1,'\"Save your breath...\"','Try to explain to Meche'),(8,230,44.95,2,'\"Okay, how much of this haven haven\'t you figured out, Calavera?\"','Get Domino to explain the racket to you'),(8,231,44.95,1,'\"IT\'S A BUST-ALL!\"','Talk to Chepito about his bartering tactics'),(8,232,44.95,1,'\"Stop showing off for the girl!\"','Try to beat Domino in a fair fight'),(8,233,44.95,1,'\"Happy trails, Captain.\"','See Chepito on his way'),(8,234,44.95,1,'\"I could walk out of this world and not look back...\"','Hold to your commitments'),(8,235,44.95,1,'\"I\'m getting out of here. This world\'s for suckers.\"','See Bruno on his way'),(8,236,44.95,1,'...so large','Meet the mechanics'),(8,237,41.7,2,'\"Oh, Lola...\"','Revisit the place where you left Lola'),(8,238,44.95,1,'\"THAT\'S NOT FUNNY!\"','Crack a joke'),(8,239,44.95,1,'\"Manuel! Is everything okay?\"','Play with the radio'),(8,240,44.95,1,'\"Here we go again!\"','Other random talk'),(8,241,44.95,1,'\"Another line?\"','Even more banter'),(8,242,44.95,1,'\"Last one, promise.\"','One final chat'),(6,243,25.33,4,'A Miserable Little Pile of Secrets','Unlock all trophies for Castlevania: Symphony of the Night and Castlevania: Rondo of Blood'),(6,244,45.72,1,'The Young Huntress','Castlevania: Rondo of Blood: Rescue Maria Renard'),(6,245,30.84,1,'Prayers Answered','Castlevania: Rondo of Blood: Rescue Tera'),(6,246,30.17,1,'Just What the Doctor Ordered','Castlevania: Rondo of Blood: Rescue Iris'),(6,247,32.45,1,'Nothing but Annette','Castlevania: Rondo of Blood: Rescue Annette'),(6,248,71.2,1,'Intercepted!','Castlevania: Rondo of Blood: Catch the Magic Crystal from a boss before it hits the ground'),(6,249,58.74,1,'Whip it Good','Castlevania: Rondo of Blood: Defeat 15 enemies with Richter\\\'s extended whip'),(6,250,29.69,1,'Come no more','Castlevania: Rondo of Blood: Test the Ferryman\'s patience'),(6,251,35.35,2,'Vampire Killer','Castlevania: Rondo of Blood: Complete any stage with a No Damage Bonus'),(6,252,31.64,2,'You don\\\'t belong in this world!','Castlevania: Rondo of Blood: Defeat Dracula as Richter'),(6,253,31.12,2,'Not to be Underestimated','Castlevania: Rondo of Blood: Defeat Dracula as Maria'),(6,254,28.78,3,'The Full Belmonty','Castlevania: Rondo of Blood: Complete 100% of the game'),(6,255,84.47,1,'Close Associates','Castlevania: Symphony of the Night: Defeat Slogra and Gaibon'),(6,256,58.58,2,'You Are Tearing Me Apart, Lisa!','Castlevania: Symphony of the Night: Saw through the deception of the Succubus'),(6,257,55.56,2,'What Could It Be?','Castlevania: Symphony of the Night: Obtain the Holy Symbol relic'),(6,258,58.34,2,'Let The Bodies Hit The Floor','Castlevania: Symphony of the Night: Defeat Granfaloon'),(6,259,51.23,2,'Dracula\\\'s Curse','Castlevania: Symphony of the Night: Defeat the zombie versions of Trevor, Sypha, and Grant'),(6,260,50.75,2,'Continue Simons Quest','Castlevania: Symphony of the Night: Defeat all classic Castlevania bosses and obtain Dracula\\\'s Relics'),(6,261,49.01,2,'The Wolves Have All Gone','Castlevania: Symphony of the Night: Defeat Richter without using the Holy Glasses'),(6,262,57.1,2,'Flip It and Reverse It','Castlevania: Symphony of the Night: Defeat Richter with the Holy Glasses and unlock the Inverted Castle'),(6,263,49.73,2,'Lisa, forgive me','Castlevania: Symphony of the Night: Defeat Dracula in the Inverted Castle Center'),(6,264,29.56,2,'Shafted','Castlevania: Symphony of the Night: Play as Richter and defeat Shaft in the Inverted Castle'),(6,265,63.72,2,'To Forgive, Divine','Castlevania: Symphony of the Night: Visit the confessional in the Royal Chapel'),(6,266,48.73,2,'School of Hard Knocks','Castlevania: Symphony of the Night: Surprise the Master Librarian'),(6,267,52.53,2,'Goodbye Yellow Brick Road','Castlevania: Symphony of the Night: Defeat all three of the denizens of Oz'),(6,268,44.82,1,'Napsylvania: Lethargy of DisChair','Castlevania: Symphony of the Night: Relax in a chair long enough to catch some Zs'),(6,269,49.03,1,'Bat Friends Forever!!','Castlevania: Symphony of the Night: Make friends with the Bat Familiar'),(6,270,37.4,1,'Aria of Sorrow','Castlevania: Symphony of the Night: Hear the song of the Fairy Familiar'),(6,271,41.51,1,'A Bird\'s Life','Castlevania: Symphony of the Night: View the circle of life underneath the telescope'),(6,272,39.8,1,'Chock Full','Castlevania: Symphony of the Night: Successfully eat a peanut'),(6,273,44.35,1,'Running on Schmooze Control','Castlevania: Symphony of the Night: Obtain the Crissaegrim weapon'),(6,274,39.84,1,'Whip First, Axe Questions Later','Castlevania: Symphony of the Night: Become an Axe Knight'),(6,275,41.53,1,'Make It Rain','Castlevania: Symphony of the Night: Literally make money using the Jewel Sword'),(6,276,45.61,1,'TRACULA?!','Castlevania: Symphony of the Night: Collect and equip the full Alucart set'),(6,277,37.61,1,'Dawn of the Dead','Castlevania: Symphony of the Night: Summon each Dawn Warrior at least once'),(6,278,43.38,1,'Technicolor Dreams','Castlevania: Symphony of the Night: Equip Josephs Cloak and set custom colors for Alucard'),(6,279,51.52,2,'Wish I Was A Baller','Castlevania: Symphony of the Night: Equip the Secret Boots to make Alucard a little bit taller'),(6,280,41.28,1,'Cowstlevania: Portrait of Mooin','Castlevania: Symphony of the Night: Summon a cow using the Shield Rod or the Mablung Sword'),(6,281,0,1,'Scientific Progress goes BOINK!','Castlevania: Symphony of the Night: Purchase the Duplicator'),(6,282,0,3,'Map Legend','Castlevania: Symphony of the Night: Obtain 200.6% map completion'),(6,283,0,2,'Recurring Nightmare','Unknown/Secret Trophy'),(6,284,0,2,'Another Secret Trophy','Unknown/Secret Trophy'),(4,285,21.41,4,'Excellent Job Following Directions','Obtain all other trophies'),(4,286,100,3,'Get Your First Trophy','Awarded for getting any of the other trophies as your first'),(4,287,84.17,3,'Beat The Game','Complete The Stanley Parable'),(4,288,35.49,3,'Test Trophy Please Ignore','Test trophy description! Replace this!'),(4,289,42.3,3,'Welcome Back!','Quit the game and then start it again'),(4,290,37.8,3,'You Can\'t Jump','No seriously, we disabled it'),(4,291,28.5,3,'Commitment','Play The Stanley Parable for the entire duration of a Tuesday'),(4,292,31.7,3,'8888888888888888','888888888888888888888888888888888888888888888888'),(4,293,45.2,3,'Click on door 430 five times','Click on door 430 five times'),(4,294,29.9,3,'Speed Run','Complete The Stanley Parable in under 4 minutes 22 seconds'),(4,295,38.6,3,'Settings World Champion','Set all settings sliders in the menu to all the available numbers'),(4,296,26.4,3,'Super Go Outside','Don\'t play The Stanley Parable for ten years'),(5,297,5.6,4,'Heartbeat','Unlock every trophy'),(5,298,26.7,3,'Celeste','Climb Celeste Mountain'),(5,299,67.7,1,'Forsaken','Complete Chapter 1'),(5,300,54.8,1,'Archaeology','Complete Chapter 2'),(5,301,41.7,2,'Checking Out','Complete Chapter 3'),(5,302,34.8,2,'Breathe','Complete Chapter 4'),(5,303,30.2,2,'In the Mirror','Complete Chapter 5'),(5,304,28.6,2,'Reflection','Complete Chapter 6'),(5,305,36.4,2,'Strawberry Badge','Collect 30 Strawberries'),(5,306,18,2,'Strawberry Medal','Collect 80 Strawberries'),(5,307,7.1,3,'Impress Your Friends','Collect 175 Strawberries'),(5,308,55.4,2,'Gateway','Collect a Cassette'),(5,309,6.9,2,'1UP!','Get a 1UP'),(5,310,13.3,2,'Real Gamer','Complete Celeste for PICO8'),(5,311,18.6,2,'Pointless Machines','Collect the Crystal Heart in Chapter 1'),(5,312,17.4,2,'Resurrections','Collect the Crystal Heart in Chapter 2'),(5,313,14.9,2,'Black Moonrise','Complete Chapter 2 BSide'),(5,314,14.8,2,'Scattered and Lost','Collect the Crystal Heart in Chapter 3'),(5,315,11.7,2,'Good Karma','Complete Chapter 3 BSide'),(5,316,15.6,2,'Eye of the Storm','Collect the Crystal Heart in Chapter 4'),(5,317,10.1,2,'Golden Feather','Complete Chapter 4 BSide'),(5,318,11.1,2,'Quiet and Falling','Collect the Crystal Heart in Chapter 5'),(5,319,9.6,2,'Mirror Magic','Complete Chapter 5 BSide'),(5,320,12.1,2,'Heavy and Frail','Collect the Crystal Heart in Chapter 6'),(5,321,8.9,2,'Center of the Earth','Complete Chapter 6 BSide'),(5,322,9.6,2,'Pink Sunrise','Collect the Crystal Heart in Chapter 7'),(5,323,8.7,2,'No More Running','Complete Chapter 7 BSide'),(5,324,12.1,2,'Heart of the Mountain','Collect the Crystal Heart in Chapter 8'),(5,325,7.7,3,'Say Goodbye','Complete Chapter 8 BSide'),(5,326,6.3,3,'Thanks For Playing','Complete all CSides'),(5,327,34,3,'Celeste (Gold)','Major story progression milestone'),(7,328,35.18,4,'Elden Ring','Obtained all trophies'),(7,329,47.32,3,'Elden Lord','Achieved the Elden Lord ending'),(7,330,49.02,3,'Age of the Stars','Achieved the Age of the Stars ending'),(7,331,40.75,3,'Lord of Frenzied Flame','Achieved the Lord of Frenzied Flame ending'),(7,332,88.48,2,'Shardbearer Godrick','Defeated Shardbearer Godrick'),(7,333,74.98,2,'Shardbearer Radahn','Defeated Shardbearer Radahn'),(7,334,68,2,'Shardbearer Morgott','Defeated Shardbearer Morgott'),(7,335,65,2,'Shardbearer Rykard','Defeated Shardbearer Rykard'),(7,336,58,2,'Shardbearer Malenia','Defeated Shardbearer Malenia'),(7,337,56,2,'Shardbearer Mohg','Defeated Shardbearer Mohg'),(7,338,55.8,2,'Rennala, Queen of the Full Moon','Defeated Rennala, Queen of the Full Moon'),(7,339,50,2,'Royal Knight Loretta','Defeated Royal Knight Loretta'),(7,340,45,2,'Elemer of the Briar','Defeated Elemer of the Briar'),(7,341,42,2,'Ancestor Spirit','Defeated Ancestor Spirit'),(7,342,40.8,2,'Godskin Duo','Defeated Godskin Duo'),(7,343,39,2,'Maliketh the Black Blade','Defeated Maliketh the Black Blade'),(7,344,38,2,'Great Rune','Restored the power of a Great Rune'),(7,345,35,2,'Roundtable Hold','Arrived at Roundtable Hold'),(7,346,32,2,'Legendary Talismans','Acquired all legendary talismans'),(7,347,30.6,2,'Commander Niall','Defeated Commander Niall'),(7,348,30.3,2,'God-Slaying Armament','Upgraded any armament to its highest stage'),(7,349,30,2,'Regal Ancestor Spirit','Defeated Regal Ancestor Spirit'),(7,350,29.9,2,'Erdtree Aflame','Used kindling to set the Erdtree aflame'),(7,351,28.5,1,'Fire Giant','Defeated Fire Giant'),(7,352,27.6,1,'Lichdragon Fortissax','Defeated Lichdragon Fortissax'),(7,353,26.4,1,'Shardbearer Mohg (Alt)','Alternate defeat of Mohg'),(7,354,25.2,1,'Loretta, Knight of the Haligtree','Defeated Loretta, Knight of the Haligtree'),(7,355,24.8,1,'Maliketh Alternate','Alternate fight against Maliketh'),(7,356,24,1,'Dragonlord Placidusax','Defeated Dragonlord Placidusax'),(7,357,23.4,1,'Hoarah Loux the Warrior','Defeated Hoarah Loux the Warrior'),(7,358,22.5,1,'Mohg, the Omen (Bronze)','Defeated Mohg, the Omen'),(7,359,21.5,1,'Shadbearer Malenia (Bronze)','Bronze variant fight'),(7,360,20.6,1,'Regal Ancestor Spirit (Bronze)','Bronze variant challenge'),(7,361,19.5,1,'Lichdragon Fortissax (Bronze)','Bronze variant challenge'),(7,362,18,1,'Elden Ring Optional','Complete optional content'),(7,363,16,1,'World Exploration','Explore a large section of the Lands Between'),(7,364,15,1,'Secondary Boss','Defeat a secondary boss'),(7,365,14,1,'Minor Optional Boss','Defeat a minor optional boss'),(7,366,12,1,'Common Enemy Slayer','Defeat common boss enemies'),(7,367,10,1,'Early Exploration','Reach a major Landmark early'),(7,368,9.5,1,'Tutorial Completion','Complete tutorial section'),(7,369,8.5,1,'First Steps','Complete first story area'),(7,370,7.25,1,'Bronze Milestone','Achieve a bronze milestone'),(7,371,6.1,1,'Misc Bronze','Miscellaneous bronze objectives'),(9,372,14.74,4,'Grand Uproar','Obtain all other trophies'),(9,373,96.57,1,'Taking Names','Defeat a boss'),(9,374,76.78,2,'A Walk in the Park','Defeat every boss in Inkwell Isle I'),(9,375,52.63,2,'A Day at the Fair','Defeat every boss in Inkwell Isle II'),(9,376,41.29,2,'A Trip Downtown','Defeat every boss in Inkwell Isle III'),(9,377,13.5,2,'Casino Night','Complete the Casino'),(9,378,60,2,'Souls Saved','Complete the game on Normal'),(9,379,11.9,3,'Beat The Devil At His Own Game','Complete the game on Expert'),(9,380,30,3,'Sheriff','Obtain an ARank or higher on all bosses in Inkwell Isle I'),(9,381,28,3,'Boss','Obtain an ARank or higher on all bosses in Inkwell Isle II'),(9,382,27,3,'Mayor','Obtain an ARank or higher on all bosses in Inkwell Isle III'),(9,383,26,3,'King','Obtain an ARank or higher on all bosses in Inkwell Hell'),(9,384,50,2,'The Golden Touch','Defeat a boss with one of Ms. Chalice\'s Super Arts'),(9,385,45,2,'The Latest Sensation','Defeat a boss with one of Porkrind\'s new weapons'),(9,386,40,2,'Checkmate','Defeat all of the King of Games\' Champions'),(9,387,20,2,'A King\'s Admiration','Defeat the King\'s Gauntlet'),(9,388,35,2,'Compliments to the Chef','Complete your quest on Inkwell Isle IV'),(9,389,15,2,'Cooked to Perfection','Get an SRank on a stage of Inkwell Isle IV'),(9,390,22,2,'The High Hat','Defeat a boss on Inkwell Isle IV without killing any of its minions'),(9,391,25,2,'Hearty','Have 9HP at one time'),(9,392,20,1,'Bronze Trailblazer','Complete an optional bronze milestone'),(9,393,18,1,'Silver Gambler','Score 200,000 points in a level'),(9,394,16,1,'Bronze Duelist','Defeat a boss without using specials'),(9,395,14,1,'Silver Explorer','Complete a level without taking damage'),(9,396,12,1,'Bronze Artist','Use every weapon at least once'),(9,397,10,1,'Bronze Perfectionist','Finish a run on Parry mode'),(9,398,9,1,'Early Runner','Clear the first island quickly'),(9,399,8.5,1,'Bronze Collector','Collect all coins in a single area'),(9,400,7.5,1,'Bronze Stunt Performer','Perform 5 perfect parries in one run'),(9,401,6.3,1,'Bronze Survivalist','Survive 10 boss waves'),(9,402,24,2,'Silver Combined Mastery','Achieve milestones on multiple isles'),(9,403,18,2,'Silver Veteran Warrior','Defeat many enemies'),(9,404,14,2,'Silver Score Champion','Earn high score in many stages'),(9,405,10.5,1,'Bronze Speed Runner','Finish level under time threshold'),(9,406,9.7,1,'Bronze On Fire','Get 10 consecutive parries'),(9,407,8.9,1,'Bronze Skill Test','Complete 3 levels without damage'),(9,408,7.8,1,'Bronze Team Player','Finish coop run with partner'),(9,409,6.2,1,'Bronze Hidden Master','Unlock a hidden challenge'),(9,410,5.9,1,'Bronze Lucky Break','Find a hidden coin bonus'),(9,411,4.7,1,'Bronze Secret','Unlock a secret event'),(9,412,3.5,1,'Bronze Mystery','Complete a mystery challenge'),(10,413,9.2,4,'Sekiro','Unlock all trophies'),(10,414,13.8,3,'Man Without Equal','Defeated all bosses'),(10,415,36.5,3,'Ashina Traveler','Traveled to all areas of the game'),(10,416,12.7,3,'Master of the Prosthetic','Upgraded all Prosthetic Tools to their limit'),(10,417,11.3,3,'Height of Technique','Acquired all skills'),(10,418,50.24,2,'All Prosthetic Tools','Acquired all Prosthetic Tools'),(10,419,52.88,2,'All Ninjutsu Techniques','Acquired all Ninjutsu Techniques'),(10,420,36.13,2,'Peak Physical Strength','Upgraded Vitality and Posture to their limit'),(10,421,46.86,2,'Ultimate Healing Gourd','Fully upgraded the Healing Gourd'),(10,422,42.91,2,'Immortal Severance','Attained the \"Immortal Severance\" ending'),(10,423,35.4,2,'Purification','Attained the \"Purification\" ending'),(10,424,35.95,2,'Dragon\'s Homecoming','Attained the \"Return\" ending'),(10,425,36.19,2,'Shura','Attained the \"Shura\" ending'),(10,426,47.05,2,'Isshin Ashina','Defeated Isshin Ashina'),(10,427,52.66,2,'Master of the Arts','Grasped the inner mysteries of any combat style'),(10,428,39.73,2,'Lazuline Upgrade','Used Lapis Lazuli to upgrade any tool to its limit'),(10,429,53.75,1,'Revered Blade','Received Kusabimaru from Kuro'),(10,430,98.06,1,'Shinobi Prosthetic','Acquired the Shinobi Prosthetic'),(10,431,77.51,1,'Memorial Mob','Encountered the Memorial Mob'),(10,432,95.9,1,'Resurrection','Returned from the dead using Resurrection for the first time'),(10,433,74.79,1,'Gyoubu Masataka Oniwa','Defeated Gyoubu Masataka Oniwa'),(10,434,64.9,1,'The Phantom Lady Butterfly','Defeated Lady Butterfly'),(10,435,61.95,1,'Genichiro Ashina','Defeated Genichiro Ashina'),(10,436,57.81,1,'Guardian Ape','Defeated the Guardian Ape'),(10,437,52.89,1,'Guardian Ape Immortality Severed','Used the Mortal Blade to sever the Guardian Ape\'s undying'),(10,438,59.53,1,'Folding Screen Monkeys','Caught the Folding Screen Monkeys'),(10,439,54.23,1,'Great Shinobi - Owl','Defeated Great Shinobi  Owl'),(10,440,38.12,1,'Father Surpassed','Defeated Great Shinobi  Owl at the Hirata Estate'),(10,441,53.51,1,'Corrupted Monk','Defeated the Corrupted Monk'),(10,442,52.71,1,'Gracious Gift of Tears','Defeated the Divine Dragon and obtained its Tears'),(10,443,45.13,1,'Demon of Hatred','Defeated the Demon of Hatred'),(10,444,52.42,1,'Great Serpent','Defeated the Great Serpent'),(10,445,44.65,1,'Great Colored Carp','Defeated the Great Colored Carp'),(11,446,6.9,4,'Bloodborne','Obtain all other trophies'),(11,447,11.5,3,'Yharnam Sunrise','You lived through the hunt, and saw another day'),(11,448,14.8,3,'Honouring Wishes','Captivated by the moon presence, you pledge to watch over the Hunter\'s Dream'),(11,449,15.7,3,'Childhood\'s Beginning','You became an infant Great One'),(11,450,8.2,3,'Yharnam, Pthumerian Queen','Defeat Yharnam, Blood Queen of the Old Labyrinth'),(11,451,9.7,3,'Laurence, the First Vicar','Defeat the beast that was once Laurence, the First Vicar'),(11,452,10.7,3,'Orphan of Kos','Defeat Great One: Orphan of Kos'),(11,453,20.1,2,'Ebrietas, Daughter of the Cosmos','Defeat Great One: Ebrietas, Daughter of the Cosmos'),(11,454,20.1,2,'Chalice of Isz','Acquire the Great Chalice of Isz'),(11,455,21.3,2,'Weapon Master','Acquire a weapon of the highest level'),(11,456,21.9,2,'Celestial Emissary','Defeat Great One: Celestial Emissary'),(11,457,23,2,'The Choir','Gain entry to the realm of the Choir'),(11,458,23.5,2,'Martyr Logarius','Defeat Martyr Logarius'),(11,459,24.7,2,'Amygdala','Defeat Great One: Amygdala'),(11,460,24.7,2,'Chalice of Ailing Loran','Acquire the Chalice of Ailing Loran'),(11,461,25.9,2,'Micolash, Host of the Nightmare','Defeat Micolash, Host of the Nightmare'),(11,462,26.1,2,'Cainhurst','Gain entry to Cainhurst'),(11,463,28,2,'The Source of the Dream','Discover the abandoned old workshop'),(11,464,28.2,2,'The One Reborn','Defeat The One Reborn'),(11,465,29.7,2,'Darkbeast Paarl','Defeat Darkbeast Paarl'),(11,466,30.3,2,'Rune Master','Acquire an extremely precious Caryll Rune'),(11,467,30.7,2,'Nightmare Lecture Building','Gain entry into the Byrgenwerth lecture building'),(11,468,30.9,2,'Rom, the Vacuous Spider','Defeat Great One: Rom, the Vacuous Spider'),(11,469,32.4,2,'Shadow of Yharnam','Defeat Shadow of Yharnam'),(11,470,34.5,2,'The Witch of Hemwick','Defeat The Witch of Hemwick'),(11,471,36.2,2,'Vicar Amelia','Defeat the beast that once was Vicar Amelia'),(11,472,38.8,2,'Bloodstarved Beast','Defeat Bloodstarved Beast'),(11,473,39.2,1,'Rune Contact','Acquire a Caryll Rune'),(11,474,38.8,1,'Chalice of Pthumeru','Acquire the Chalice of Pthumeru'),(11,475,45.8,1,'Father Gascoigne','Defeat the beast that once was Father Gascoigne'),(12,476,5.9,4,'The Dark Soul','Acquire all trophies'),(12,477,95,1,'Self Recollection','Reclaim flesh and set out as an Undead'),(12,478,90,1,'This is Dark Souls','Die for the first time'),(12,479,58,1,'King\'s Ring','Acquire the King\'s Ring'),(12,480,56,1,'Ancient Dragon','Acquire Ashen Mist Heart'),(12,481,78,1,'Last Giant','Defeat the Last Giant'),(12,482,55,1,'Sinner\'s Bonfire','Light the primal bonfire in Sinner\'s Rise'),(12,483,50,1,'Iron Keep Bonfire','Light the primal bonfire in the Iron Keep'),(12,484,45,1,'Gulch Bonfire','Light the primal bonfire in the Black Gulch'),(12,485,40,1,'Brightstone Bonfire','Light the primal bonfire in Brightstone Cove Tseldora'),(12,486,30,1,'Brilliant Covenant','Discover a most brilliant covenant'),(12,487,30,1,'Protector Covenant','Discover the covenant of the protectors'),(12,488,25,1,'Sanguinary Covenant','Discover the covenant of the bloodthirsty'),(12,489,25,1,'Covenant of the Meek','Discover the covenant of the meek'),(12,490,20,1,'Gnawing Covenant','Discover the covenant of rodents'),(12,491,20,1,'Clangorous Covenant','Discover the clangorous covenant'),(12,492,18,1,'Covenant of Ancients','Discover an ancient covenant'),(12,493,15,1,'Covenant of the Fittest','Discover the covenant of the fittest'),(12,494,15,1,'Abysmal Covenant','Discover the abysmal covenant'),(12,495,50,1,'Curious Map','Light all flames on the map in Majula'),(12,496,35,1,'Change of Clothes','Give Rosabeth of Melfia something to wear'),(12,497,33,1,'Gathering of Exiles','Increase the population of Majula'),(12,498,28,1,'Moonlight Greatsword','Inherit Benhart of Jugo\'s equipment'),(12,499,25,1,'Holder of the Fort','Inherit Captain Drummond\'s equipment'),(12,500,22,1,'Lucatiel','Inherit equipment from Lucatiel of Mirrah'),(12,501,20,1,'Smith for Life','Inherit Steady Hand McDuff\'s equipment'),(12,502,18,1,'Garrulous Miser','Inherit Laddersmith Gilligan\'s equipment'),(12,503,16,1,'Reflections on Disembodiment','Inherit equipment from the head of Vengarl'),(12,504,45,2,'Supreme Weapon','Reinforce a weapon to its limit'),(12,505,40,2,'Gesture Maestro','Learn all gestures'),(12,506,35,2,'Master of Sorcery','Learn all sorceries'),(12,507,35,2,'Master of Miracles','Learn all miracles'),(12,508,35,2,'Master of Pyromancies','Learn all pyromancies'),(12,509,30,2,'Master of Hexes','Learn all hexes'),(12,510,25,3,'Selfless Giver','Max-out devotion to covenant'),(12,511,45,2,'Looking Glass Knight','Defeat Looking Glass Knight'),(12,512,40,2,'Vendrick','Defeat Vendrick'),(19,523,1,1,'a','s'),(19,525,2,4,'1','a'),(19,526,55,2,'f','k');
/*!40000 ALTER TABLE `trophies` ENABLE KEYS */;
UNLOCK TABLES;

--
-- Table structure for table `trophy_grades`
--

DROP TABLE IF EXISTS `trophy_grades`;
/*!40101 SET @saved_cs_client     = @@character_set_client */;
/*!50503 SET character_set_client = utf8mb4 */;
CREATE TABLE `trophy_grades` (
  `id` int NOT NULL AUTO_INCREMENT,
  `name` varchar(20) NOT NULL,
  `img` varchar(300) DEFAULT NULL,
  PRIMARY KEY (`id`)
) ENGINE=InnoDB AUTO_INCREMENT=5 DEFAULT CHARSET=utf8mb4 COLLATE=utf8mb4_0900_ai_ci;
/*!40101 SET character_set_client = @saved_cs_client */;

--
-- Dumping data for table `trophy_grades`
--

LOCK TABLES `trophy_grades` WRITE;
/*!40000 ALTER TABLE `trophy_grades` DISABLE KEYS */;
INSERT INTO `trophy_grades` VALUES (1,'Bronze','https://psnprofiles.com/lib/img/icons/40-bronze.png'),(2,'Silver','https://psnprofiles.com/lib/img/icons/40-silver.png'),(3,'Gold','https://psnprofiles.com/lib/img/icons/40-gold.png'),(4,'Platinum','https://psnprofiles.com/lib/img/icons/40-platinum.png');
/*!40000 ALTER TABLE `trophy_grades` ENABLE KEYS */;
UNLOCK TABLES;

--
-- Table structure for table `users`
--

DROP TABLE IF EXISTS `users`;
/*!40101 SET @saved_cs_client     = @@character_set_client */;
/*!50503 SET character_set_client = utf8mb4 */;
CREATE TABLE `users` (
  `id` int NOT NULL AUTO_INCREMENT,
  `password` varchar(255) NOT NULL,
  `username` varchar(255) NOT NULL,
  PRIMARY KEY (`id`)
) ENGINE=InnoDB AUTO_INCREMENT=2 DEFAULT CHARSET=utf8mb4 COLLATE=utf8mb4_0900_ai_ci;
/*!40101 SET character_set_client = @saved_cs_client */;

--
-- Dumping data for table `users`
--

LOCK TABLES `users` WRITE;
/*!40000 ALTER TABLE `users` DISABLE KEYS */;
INSERT INTO `users` VALUES (1,'{noop}12345','alex');
/*!40000 ALTER TABLE `users` ENABLE KEYS */;
UNLOCK TABLES;
/*!40103 SET TIME_ZONE=@OLD_TIME_ZONE */;

/*!40101 SET SQL_MODE=@OLD_SQL_MODE */;
/*!40014 SET FOREIGN_KEY_CHECKS=@OLD_FOREIGN_KEY_CHECKS */;
/*!40014 SET UNIQUE_CHECKS=@OLD_UNIQUE_CHECKS */;
/*!40101 SET CHARACTER_SET_CLIENT=@OLD_CHARACTER_SET_CLIENT */;
/*!40101 SET CHARACTER_SET_RESULTS=@OLD_CHARACTER_SET_RESULTS */;
/*!40101 SET COLLATION_CONNECTION=@OLD_COLLATION_CONNECTION */;
/*!40111 SET SQL_NOTES=@OLD_SQL_NOTES */;

-- Dump completed on 2026-05-21 16:28:15
